"DESCRIPTION","DURATION IN MS","NAME","PARENT SUITE","START TIME","STATUS","STOP TIME","SUB SUITE","SUITE","TEST CLASS","TEST METHOD"
"","390","should reject login for password case does not match the registered password","chromium","2026-09-28","passed","2026-09-28","Login","swaglabs/functional/login.spec.ts","",""
"","2068","should navigate to the Sauce Labs site via 'About'","chromium","2026-09-28","passed","2026-09-28","Navigate menu items","swaglabs/functional/navigateMenu.spec.ts","",""
"","373","should mask the password input while typing","chromium","2026-09-28","passed","2026-09-28","Login","swaglabs/functional/login.spec.ts","",""
"","1437","should navigate to the Products page via 'All Items' and preserve cart state","chromium","2026-09-28","passed","2026-09-28","Navigate menu items","swaglabs/functional/navigateMenu.spec.ts","",""
"","387","should reject login for valid username with wrong password","chromium","2026-09-28","passed","2026-09-28","Login","swaglabs/functional/login.spec.ts","",""
"","426","should reject login for username empty, password filled","chromium","2026-09-28","passed","2026-09-28","Login","swaglabs/functional/login.spec.ts","",""
"","391","should reject login for username has leading whitespace","chromium","2026-09-28","passed","2026-09-28","Login","swaglabs/functional/login.spec.ts","",""
"","420","should redirect to Login when navigating directly to the Products page without a session","chromium","2026-09-28","passed","2026-09-28","Login","swaglabs/functional/login.spec.ts","",""
"","405","should move keyboard focus Username → Password → Login via Tab","chromium","2026-09-28","passed","2026-09-28","Login","swaglabs/functional/login.spec.ts","",""
"","407","should reject login for username case does not match a registered user","chromium","2026-09-28","passed","2026-09-28","Login","swaglabs/functional/login.spec.ts","",""
"","1391","should log out, clear the session, and return to the Login page","chromium","2026-09-28","passed","2026-09-28","Navigate menu items","swaglabs/functional/navigateMenu.spec.ts","",""
"","407","should reject login for unregistered username","chromium","2026-09-28","passed","2026-09-28","Login","swaglabs/functional/login.spec.ts","",""
"","419","should redirect to Login when navigating directly to Checkout complete without a session","chromium","2026-09-28","passed","2026-09-28","Login","swaglabs/functional/login.spec.ts","",""
"","1428","should open the side menu via the burger icon and close it via the close button","chromium","2026-09-28","passed","2026-09-28","Navigate menu items","swaglabs/functional/navigateMenu.spec.ts","",""
"","596","should display all required elements on initial page load","chromium","2026-09-28","passed","2026-09-28","Login","swaglabs/functional/login.spec.ts","",""
"","1388","should not restore the session when using the browser Back button after logout","chromium","2026-09-28","passed","2026-09-28","Navigate menu items","swaglabs/functional/navigateMenu.spec.ts","",""
"","393","should redirect to Login when navigating directly to Cart without a session","chromium","2026-09-28","passed","2026-09-28","Login","swaglabs/functional/login.spec.ts","",""
"","414","should submit the login form via the Enter key from the Password field","chromium","2026-09-28","passed","2026-09-28","Login","swaglabs/functional/login.spec.ts","",""
"","463","should dismiss the login error and retain previously entered field values","chromium","2026-09-28","passed","2026-09-28","Login","swaglabs/functional/login.spec.ts","",""
"","390","should reject login for password empty, username filled","chromium","2026-09-28","passed","2026-09-28","Login","swaglabs/functional/login.spec.ts","",""
"","1462","should redirect to Login when navigating directly to a protected page after logout","chromium","2026-09-28","passed","2026-09-28","Navigate menu items","swaglabs/functional/navigateMenu.spec.ts","",""
"","373","should reject login for locked-out user","chromium","2026-09-28","passed","2026-09-28","Login","swaglabs/functional/login.spec.ts","",""
"","410","should redirect to Login when navigating directly to Checkout step two without a session","chromium","2026-09-28","passed","2026-09-28","Login","swaglabs/functional/login.spec.ts","",""
"","434","should reject login for both fields empty","chromium","2026-09-28","passed","2026-09-28","Login","swaglabs/functional/login.spec.ts","",""
"","491","should redirect to Login when navigating directly to Checkout step one without a session","chromium","2026-09-28","passed","2026-09-28","Login","swaglabs/functional/login.spec.ts","",""
"","463","should redirect to Login when navigating directly to Inventory item detail without a session","chromium","2026-09-28","passed","2026-09-28","Login","swaglabs/functional/login.spec.ts","",""
"","463","should redirect to the Products page on successful login","chromium","2026-09-28","passed","2026-09-28","Login","swaglabs/functional/login.spec.ts","",""
